Stock Names,Isin Code,Url
A.S. Roma,ISIN: IT0001008876 - Mercato: Milano - Azioni,https://www.teleborsa.it/azioni/a-s-roma-asr-it0001008876-SVQwMDAxMDA4ODc2
A2A,ISIN: IT0001233417 - Mercato: Milano - Azioni,https://www.teleborsa.it/azioni/a2a-a2a-it0001233417-SVQwMDAxMjMzNDE3
Abitare In,ISIN: IT0005338493 - Mercato: Milano - Azioni,https://www.teleborsa.it/azioni/abitare-in-abt-it0005338493-SVQwMDA1MzM4NDkz
Acea,ISIN: IT0001207098 - Mercato: Milano - Azioni,https://www.teleborsa.it/azioni/acea-ace-it0001207098-SVQwMDAxMjA3MDk4
Acotel Group,ISIN: IT0001469953 - Mercato: Milano - Azioni,https://www.teleborsa.it/azioni/acotel-group-aco-it0001469953-SVQwMDAxNDY5OTUz
Acsm-Agam,ISIN: IT0001382024 - Mercato: Milano - Azioni,https://www.teleborsa.it/azioni/acsm-agam-acs-it0001382024-SVQwMDAxMzgyMDI0
Adidas,ISIN: DE000A1EWWW0 - Mercato: Milano - Azioni,https://www.teleborsa.it/azioni/adidas-ads-de000a1ewww0-REUwMDBBMUVXV1cw
Advanced Micro Devices,ISIN: US0079031078 - Mercato: Milano - Azioni,https://www.teleborsa.it/azioni/advanced-micro-devices-amd-us0079031078-VVMwMDc5MDMxMDc4
Aedes,ISIN: IT0005350449 - Mercato: Milano - Azioni,https://www.teleborsa.it/azioni/aedes-aed-it0005350449-SVQwMDA1MzUwNDQ5
Aeffe,ISIN: IT0001384590 - Mercato: Milano - Azioni,https://www.teleborsa.it/azioni/aeffe-aef-it0001384590-SVQwMDAxMzg0NTkw
Aegon,ISIN: NL0000303709 - Mercato: Milano - Azioni,https://www.teleborsa.it/azioni/aegon-agn-nl0000303709-TkwwMDAwMzAzNzA5
Aeroporto Guglielmo Marconi di Bologna,ISIN: IT0001006128 - Mercato: Milano - Azioni,https://www.teleborsa.it/azioni/aeroporto-guglielmo-marconi-di-bologna-adb-it0001006128-SVQwMDAxMDA2MTI4
Agatos,ISIN: IT0005421919 - Mercato: Milano - Azioni,https://www.teleborsa.it/azioni/agatos-aga-it0005421919-SVQwMDA1NDIxOTE5
Ageas,ISIN: BE0974264930 - Mercato: Milano - Azioni,https://www.teleborsa.it/azioni/ageas-ags-be0974264930-QkUwOTc0MjY0OTMw
Ahold Del,ISIN: NL0011794037 - Mercato: Milano - Azioni,https://www.teleborsa.it/azioni/ahold-del-ad-nl0011794037-TkwwMDExNzk0MDM3
Air France-Klm,ISIN: FR0000031122 - Mercato: Milano - Azioni,https://www.teleborsa.it/azioni/air-france-klm-af-fr0000031122-RlIwMDAwMDMxMTIy
Air Liquide,ISIN: FR0000120073 - Mercato: Milano - Azioni,https://www.teleborsa.it/azioni/air-liquide-ai-fr0000120073-RlIwMDAwMTIwMDcz
Airbus,ISIN: NL0000235190 - Mercato: Milano - Azioni,https://www.teleborsa.it/azioni/airbus-air-nl0000235190-TkwwMDAwMjM1MTkw
Alerion,ISIN: IT0004720733 - Mercato: Milano - Azioni,https://www.teleborsa.it/azioni/alerion-arn-it0004720733-SVQwMDA0NzIwNzMz
Alfio Bardolla,ISIN: IT0005244030 - Mercato: Milano - Azioni,https://www.teleborsa.it/azioni/alfio-bardolla-abtg-it0005244030-SVQwMDA1MjQ0MDMw
Algowatt,ISIN: IT0004359037 - Mercato: Milano - Azioni,https://www.teleborsa.it/azioni/algowatt-alw-it0004359037-SVQwMDA0MzU5MDM3
Alkemy,ISIN: IT0005314635 - Mercato: Milano - Azioni,https://www.teleborsa.it/azioni/alkemy-alk-it0005314635-SVQwMDA1MzE0NjM1
Allianz,ISIN: DE0008404005 - Mercato: Milano - Azioni,https://www.teleborsa.it/azioni/allianz-alv-de0008404005-REUwMDA4NDA0MDA1
Alphabet Classe A,ISIN: US02079K3059 - Mercato: Milano - Azioni,https://www.teleborsa.it/azioni/alphabet-classe-a-googl-us02079k3059-VVMwMjA3OUszMDU5
Alphabet Classe C,ISIN: US02079K1079 - Mercato: Milano - Azioni,https://www.teleborsa.it/azioni/alphabet-classe-c-goog-us02079k1079-VVMwMjA3OUsxMDc5
Amazon,ISIN: US0231351067 - Mercato: Milano - Azioni,https://www.teleborsa.it/azioni/amazon-amzn-us0231351067-VVMwMjMxMzUxMDY3
Ambienthesis,ISIN: IT0001042297 - Mercato: Milano - Azioni,https://www.teleborsa.it/azioni/ambienthesis-ath-it0001042297-SVQwMDAxMDQyMjk3
Ambromobiliare,ISIN: IT0004779515 - Mercato: Milano - Azioni,https://www.teleborsa.it/azioni/ambromobiliare-amb-it0004779515-SVQwMDA0Nzc5NTE1
Amgen,ISIN: US0311621009 - Mercato: Milano - Azioni,https://www.teleborsa.it/azioni/amgen-amgn-us0311621009-VVMwMzExNjIxMDA5
AMM,ISIN: IT0005367427 - Mercato: Milano - Azioni,https://www.teleborsa.it/azioni/amm-amm-it0005367427-SVQwMDA1MzY3NDI3
Amplifon,ISIN: IT0004056880 - Mercato: Milano - Azioni,https://www.teleborsa.it/azioni/amplifon-amp-it0004056880-SVQwMDA0MDU2ODgw
Anheuser-Busch,ISIN: BE0974293251 - Mercato: Milano - Azioni,https://www.teleborsa.it/azioni/anheuser-busch-abi-be0974293251-QkUwOTc0MjkzMjUx
Anima Holding,ISIN: IT0004998065 - Mercato: Milano - Azioni,https://www.teleborsa.it/azioni/anima-holding-anim-it0004998065-SVQwMDA0OTk4MDY1
Antares Vision,ISIN: IT0005366601 - Mercato: Milano - Azioni,https://www.teleborsa.it/azioni/antares-vision-av-it0005366601-SVQwMDA1MzY2NjAx
Apple,ISIN: US0378331005 - Mercato: Milano - Azioni,https://www.teleborsa.it/azioni/apple-aapl-us0378331005-VVMwMzc4MzMxMDA1
Aquafil,ISIN: IT0005241192 - Mercato: Milano - Azioni,https://www.teleborsa.it/azioni/aquafil-ecnl-it0005241192-SVQwMDA1MjQxMTky
Arterra Bioscience,ISIN: IT0005386369 - Mercato: Milano - Azioni,https://www.teleborsa.it/azioni/arterra-bioscience-abs-it0005386369-SVQwMDA1Mzg2MzY5
Ascopiave,ISIN: IT0004093263 - Mercato: Milano - Azioni,https://www.teleborsa.it/azioni/ascopiave-asc-it0004093263-SVQwMDA0MDkzMjYz
Askoll Eva,ISIN: IT0005337123 - Mercato: Milano - Azioni,https://www.teleborsa.it/azioni/askoll-eva-eva-it0005337123-SVQwMDA1MzM3MTIz
Asml,ISIN: NL0010273215 - Mercato: Milano - Azioni,https://www.teleborsa.it/azioni/asml-asml-nl0010273215-TkwwMDEwMjczMjE1
Assiteca,ISIN: IT0001012639 - Mercato: Milano - Azioni,https://www.teleborsa.it/azioni/assiteca-assi-it0001012639-SVQwMDAxMDEyNjM5
Astaldi,ISIN: IT0003261069 - Mercato: Milano - Azioni,https://www.teleborsa.it/azioni/astaldi-ast-it0003261069-SVQwMDAzMjYxMDY5
Astm,ISIN: IT0000084027 - Mercato: Milano - Azioni,https://www.teleborsa.it/azioni/astm-at-it0000084027-SVQwMDAwMDg0MDI3
Atlantia,ISIN: IT0003506190 - Mercato: Milano - Azioni,https://www.teleborsa.it/azioni/atlantia-atl-it0003506190-SVQwMDAzNTA2MTkw
Autogrill,ISIN: IT0001137345 - Mercato: Milano - Azioni,https://www.teleborsa.it/azioni/autogrill-agl-it0001137345-SVQwMDAxMTM3MzQ1
Autostrade Merid,ISIN: IT0000084043 - Mercato: Milano - Azioni,https://www.teleborsa.it/azioni/autostrade-merid-autme-it0000084043-SVQwMDAwMDg0MDQz
Avio,ISIN: IT0005119810 - Mercato: Milano - Azioni,https://www.teleborsa.it/azioni/avio-avio-it0005119810-SVQwMDA1MTE5ODEw
AXA,ISIN: FR0000120628 - Mercato: Milano - Azioni,https://www.teleborsa.it/azioni/axa-axa-fr0000120628-RlIwMDAwMTIwNjI4
Azimut,ISIN: IT0003261697 - Mercato: Milano - Azioni,https://www.teleborsa.it/azioni/azimut-azm-it0003261697-SVQwMDAzMjYxNjk3
B&C Speakers,ISIN: IT0001268561 - Mercato: Milano - Azioni,https://www.teleborsa.it/azioni/b-c-speakers-bec-it0001268561-SVQwMDAxMjY4NTYx
B.F,ISIN: IT0005187460 - Mercato: Milano - Azioni,https://www.teleborsa.it/azioni/b-f-bfg-it0005187460-SVQwMDA1MTg3NDYw
Banca Farmafactoring,ISIN: IT0005244402 - Mercato: Milano - Azioni,https://www.teleborsa.it/azioni/banca-farmafactoring-bff-it0005244402-SVQwMDA1MjQ0NDAy
Banca Generali,ISIN: IT0001031084 - Mercato: Milano - Azioni,https://www.teleborsa.it/azioni/banca-generali-bgn-it0001031084-SVQwMDAxMDMxMDg0
Banca Ifis,ISIN: IT0003188064 - Mercato: Milano - Azioni,https://www.teleborsa.it/azioni/banca-ifis-if-it0003188064-SVQwMDAzMTg4MDY0
Banca Intermobiliare,ISIN: IT0000074077 - Mercato: Milano - Azioni,https://www.teleborsa.it/azioni/banca-intermobiliare-bim-it0000074077-SVQwMDAwMDc0MDc3
Banca Mediolanum,ISIN: IT0004776628 - Mercato: Milano - Azioni,https://www.teleborsa.it/azioni/banca-mediolanum-bmed-it0004776628-SVQwMDA0Nzc2NjI4
Banca Sistema,ISIN: IT0003173629 - Mercato: Milano - Azioni,https://www.teleborsa.it/azioni/banca-sistema-bst-it0003173629-SVQwMDAzMTczNjI5
Banco Bpm,ISIN: IT0005218380 - Mercato: Milano - Azioni,https://www.teleborsa.it/azioni/banco-bpm-bami-it0005218380-SVQwMDA1MjE4Mzgw
Banco Santander,ISIN: ES0113900J37 - Mercato: Milano - Azioni,https://www.teleborsa.it/azioni/banco-santander-sant-es0113900j37-RVMwMTEzOTAwSjM3
Basf,ISIN: DE000BASF111 - Mercato: Milano - Azioni,https://www.teleborsa.it/azioni/basf-basf-de000basf111-REUwMDBCQVNGMTEx
Basicnet,ISIN: IT0001033700 - Mercato: Milano - Azioni,https://www.teleborsa.it/azioni/basicnet-ban-it0001033700-SVQwMDAxMDMzNzAw
Bastogi,ISIN: IT0004412497 - Mercato: Milano - Azioni,https://www.teleborsa.it/azioni/bastogi-b-it0004412497-SVQwMDA0NDEyNDk3
Bayer,ISIN: DE000BAY0017 - Mercato: Milano - Azioni,https://www.teleborsa.it/azioni/bayer-bay-de000bay0017-REUwMDBCQVkwMDE3
Bb Biotech,ISIN: CH0038389992 - Mercato: Milano - Azioni,https://www.teleborsa.it/azioni/bb-biotech-bb-ch0038389992-Q0gwMDM4Mzg5OTky
Bbva,ISIN: ES0113211835 - Mercato: Milano - Azioni,https://www.teleborsa.it/azioni/bbva-bbva-es0113211835-RVMwMTEzMjExODM1
Banca Carige,ISIN: IT0005108763 - Mercato: Milano - Azioni,https://www.teleborsa.it/azioni/banca-carige-crg-it0005108763-SVQwMDA1MTA4NzYz
Banca Carige R,ISIN: IT0005108771 - Mercato: Milano - Azioni,https://www.teleborsa.it/azioni/banca-carige-r-crgr-it0005108771-SVQwMDA1MTA4Nzcx
Banca Finnat,ISIN: IT0000088853 - Mercato: Milano - Azioni,https://www.teleborsa.it/azioni/banca-finnat-bfe-it0000088853-SVQwMDAwMDg4ODUz
Banca Mps,ISIN: IT0005218752 - Mercato: Milano - Azioni,https://www.teleborsa.it/azioni/banca-mps-bmps-it0005218752-SVQwMDA1MjE4NzUy
Banca Popolare Sondrio,ISIN: IT0000784196 - Mercato: Milano - Azioni,https://www.teleborsa.it/azioni/banca-popolare-sondrio-bpso-it0000784196-SVQwMDAwNzg0MTk2
Banca Profilo,ISIN: IT0001073045 - Mercato: Milano - Azioni,https://www.teleborsa.it/azioni/banca-profilo-pro-it0001073045-SVQwMDAxMDczMDQ1
Banco Desio Bria Rnc,ISIN: IT0001281374 - Mercato: Milano - Azioni,https://www.teleborsa.it/azioni/banco-desio-bria-rnc-bdbr-it0001281374-SVQwMDAxMjgxMzc0
Banco di Desio e della Brianza,ISIN: IT0001041000 - Mercato: Milano - Azioni,https://www.teleborsa.it/azioni/banco-di-desio-e-della-brianza-bdb-it0001041000-SVQwMDAxMDQxMDAw
Banco Sardegna Risp,ISIN: IT0001005070 - Mercato: Milano - Azioni,https://www.teleborsa.it/azioni/banco-sardegna-risp-bsrp-it0001005070-SVQwMDAxMDA1MDcw
BE,ISIN: IT0001479523 - Mercato: Milano - Azioni,https://www.teleborsa.it/azioni/be-best-it0001479523-SVQwMDAxNDc5NTIz
Beghelli,ISIN: IT0001223277 - Mercato: Milano - Azioni,https://www.teleborsa.it/azioni/beghelli-be-it0001223277-SVQwMDAxMjIzMjc3
Beiersdorf,ISIN: DE0005200000 - Mercato: Milano - Azioni,https://www.teleborsa.it/azioni/beiersdorf-bei-de0005200000-REUwMDA1MjAwMDAw
Bialetti Industrie,ISIN: IT0004222102 - Mercato: Milano - Azioni,https://www.teleborsa.it/azioni/bialetti-industrie-bia-it0004222102-SVQwMDA0MjIyMTAy
Biancamano,ISIN: IT0004095888 - Mercato: Milano - Azioni,https://www.teleborsa.it/azioni/biancamano-bcm-it0004095888-SVQwMDA0MDk1ODg4
Biesse,ISIN: IT0003097257 - Mercato: Milano - Azioni,https://www.teleborsa.it/azioni/biesse-bss-it0003097257-SVQwMDAzMDk3MjU3
Bioera,ISIN: IT0005387995 - Mercato: Milano - Azioni,https://www.teleborsa.it/azioni/bioera-bie-it0005387995-SVQwMDA1Mzg3OTk1
Blue Financial Communication,ISIN: IT0005144768 - Mercato: Milano - Azioni,https://www.teleborsa.it/azioni/blue-financial-communication-blue-it0005144768-SVQwMDA1MTQ0NzY4
BMW,ISIN: DE0005190003 - Mercato: Milano - Azioni,https://www.teleborsa.it/azioni/bmw-bmw-de0005190003-REUwMDA1MTkwMDAz
Bnp Paribas,ISIN: FR0000131104 - Mercato: Milano - Azioni,https://www.teleborsa.it/azioni/bnp-paribas-bnp-fr0000131104-RlIwMDAwMTMxMTA0
Borgosesia,ISIN: IT0003217335 - Mercato: Milano - Azioni,https://www.teleborsa.it/azioni/borgosesia-bo-it0003217335-SVQwMDAzMjE3MzM1
Borgosesia R,ISIN: IT0003217368 - Mercato: Milano - Azioni,https://www.teleborsa.it/azioni/borgosesia-r-bor-it0003217368-SVQwMDAzMjE3MzY4
Bper,ISIN: IT0000066123 - Mercato: Milano - Azioni,https://www.teleborsa.it/azioni/bper-bpe-it0000066123-SVQwMDAwMDY2MTIz
Brembo,ISIN: IT0005252728 - Mercato: Milano - Azioni,https://www.teleborsa.it/azioni/brembo-bre-it0005252728-SVQwMDA1MjUyNzI4
Brioschi,ISIN: IT0000066180 - Mercato: Milano - Azioni,https://www.teleborsa.it/azioni/brioschi-bri-it0000066180-SVQwMDAwMDY2MTgw
Brunello Cucinelli,ISIN: IT0004764699 - Mercato: Milano - Azioni,https://www.teleborsa.it/azioni/brunello-cucinelli-bc-it0004764699-SVQwMDA0NzY0Njk5
Buzzi Unicem,ISIN: IT0001347308 - Mercato: Milano - Azioni,https://www.teleborsa.it/azioni/buzzi-unicem-bzu-it0001347308-SVQwMDAxMzQ3MzA4
Buzzi Unicem Rnc,ISIN: IT0001369427 - Mercato: Milano - Azioni,https://www.teleborsa.it/azioni/buzzi-unicem-rnc-bzur-it0001369427-SVQwMDAxMzY5NDI3
Cairo Communication,ISIN: IT0004329733 - Mercato: Milano - Azioni,https://www.teleborsa.it/azioni/cairo-communication-cai-it0004329733-SVQwMDA0MzI5NzMz
Caleffi,ISIN: IT0003025019 - Mercato: Milano - Azioni,https://www.teleborsa.it/azioni/caleffi-clf-it0003025019-SVQwMDAzMDI1MDE5
Caleido Group,ISIN: IT0005083727 - Mercato: Milano - Azioni,https://www.teleborsa.it/azioni/caleido-group-clg-it0005083727-SVQwMDA1MDgzNzI3
Caltagirone,ISIN: IT0003127930 - Mercato: Milano - Azioni,https://www.teleborsa.it/azioni/caltagirone-calt-it0003127930-SVQwMDAzMTI3OTMw
Caltagirone Editore,ISIN: IT0001472171 - Mercato: Milano - Azioni,https://www.teleborsa.it/azioni/caltagirone-editore-ced-it0001472171-SVQwMDAxNDcyMTcx
Campari,ISIN: NL0015435975 - Mercato: Milano - Azioni,https://www.teleborsa.it/azioni/campari-cpr-nl0015435975-TkwwMDE1NDM1OTc1
Capital For Progress Single Investment,ISIN: IT0005276602 - Mercato: Milano - Azioni,https://www.teleborsa.it/azioni/capital-for-progress-single-investment-cfp-it0005276602-SVQwMDA1Mjc2NjAy
Carel Industries,ISIN: IT0005331019 - Mercato: Milano - Azioni,https://www.teleborsa.it/azioni/carel-industries-crl-it0005331019-SVQwMDA1MzMxMDE5
Carraro,ISIN: IT0001046553 - Mercato: Milano - Azioni,https://www.teleborsa.it/azioni/carraro-carr-it0001046553-SVQwMDAxMDQ2NTUz
Carrefour,ISIN: FR0000120172 - Mercato: Milano - Azioni,https://www.teleborsa.it/azioni/carrefour-crr-fr0000120172-RlIwMDAwMTIwMTcy
Casta Diva Group,ISIN: IT0005003782 - Mercato: Milano - Azioni,https://www.teleborsa.it/azioni/casta-diva-group-cdg-it0005003782-SVQwMDA1MDAzNzgy
Cattolica,ISIN: IT0000784154 - Mercato: Milano - Azioni,https://www.teleborsa.it/azioni/cattolica-cass-it0000784154-SVQwMDAwNzg0MTU0
Cdr Advance Capital,ISIN: IT0004818636 - Mercato: Milano - Azioni,https://www.teleborsa.it/azioni/cdr-advance-capital-cdr-it0004818636-SVQwMDA0ODE4NjM2
Cellularline,ISIN: IT0005244618 - Mercato: Milano - Azioni,https://www.teleborsa.it/azioni/cellularline-cell-it0005244618-SVQwMDA1MjQ0NjE4
Cembre,ISIN: IT0001128047 - Mercato: Milano - Azioni,https://www.teleborsa.it/azioni/cembre-cmb-it0001128047-SVQwMDAxMTI4MDQ3
Cementir Holding,ISIN: NL0013995087 - Mercato: Milano - Azioni,https://www.teleborsa.it/azioni/cementir-holding-cem-nl0013995087-TkwwMDEzOTk1MDg3
Centrale del Latte D'Italia,ISIN: IT0003023980 - Mercato: Milano - Azioni,https://www.teleborsa.it/azioni/centrale-del-latte-d-italia-cli-it0003023980-SVQwMDAzMDIzOTgw
Cerved Group,ISIN: IT0005010423 - Mercato: Milano - Azioni,https://www.teleborsa.it/azioni/cerved-group-cerv-it0005010423-SVQwMDA1MDEwNDIz
CFT,ISIN: IT0005262313 - Mercato: Milano - Azioni,https://www.teleborsa.it/azioni/cft-cft-it0005262313-SVQwMDA1MjYyMzEz
CHL,ISIN: IT0001446613 - Mercato: Milano - Azioni,https://www.teleborsa.it/azioni/chl-chl-it0001446613-SVQwMDAxNDQ2NjEz
CIA,ISIN: IT0003389522 - Mercato: Milano - Azioni,https://www.teleborsa.it/azioni/cia-cia-it0003389522-SVQwMDAzMzg5NTIy
CIR,ISIN: IT0000070786 - Mercato: Milano - Azioni,https://www.teleborsa.it/azioni/cir-cir-it0000070786-SVQwMDAwMDcwNzg2
Circle,ISIN: IT0005344996 - Mercato: Milano - Azioni,https://www.teleborsa.it/azioni/circle-circ-it0005344996-SVQwMDA1MzQ0OTk2
Clabo,ISIN: IT0005091324 - Mercato: Milano - Azioni,https://www.teleborsa.it/azioni/clabo-cla-it0005091324-SVQwMDA1MDkxMzI0
Class Editori,ISIN: IT0005117848 - Mercato: Milano - Azioni,https://www.teleborsa.it/azioni/class-editori-cle-it0005117848-SVQwMDA1MTE3ODQ4
Cleanbnb,ISIN: IT0005377277 - Mercato: Milano - Azioni,https://www.teleborsa.it/azioni/cleanbnb-cbb-it0005377277-SVQwMDA1Mzc3Mjc3
Cnh Industrial,ISIN: NL0010545661 - Mercato: Milano - Azioni,https://www.teleborsa.it/azioni/cnh-industrial-cnhi-nl0010545661-TkwwMDEwNTQ1NjYx
Coima Res,ISIN: IT0005136681 - Mercato: Milano - Azioni,https://www.teleborsa.it/azioni/coima-res-cres-it0005136681-SVQwMDA1MTM2Njgx
Comer Industries,ISIN: IT0005246191 - Mercato: Milano - Azioni,https://www.teleborsa.it/azioni/comer-industries-com-it0005246191-SVQwMDA1MjQ2MTkx
Commerzbank,ISIN: DE000CBK1001 - Mercato: Milano - Azioni,https://www.teleborsa.it/azioni/commerzbank-cbk-de000cbk1001-REUwMDBDQksxMDAx
Compagnie De Saint-Gobain,ISIN: FR0000125007 - Mercato: Milano - Azioni,https://www.teleborsa.it/azioni/compagnie-de-saint-gobain-sgo-fr0000125007-RlIwMDAwMTI1MDA3
Conafi,ISIN: IT0004105653 - Mercato: Milano - Azioni,https://www.teleborsa.it/azioni/conafi-cnf-it0004105653-SVQwMDA0MTA1NjUz
Confinvest,ISIN: IT0005379604 - Mercato: Milano - Azioni,https://www.teleborsa.it/azioni/confinvest-cfv-it0005379604-SVQwMDA1Mzc5NjA0
Continental,ISIN: DE0005439004 - Mercato: Milano - Azioni,https://www.teleborsa.it/azioni/continental-con-de0005439004-REUwMDA1NDM5MDA0
Copernico,ISIN: IT0005379406 - Mercato: Milano - Azioni,https://www.teleborsa.it/azioni/copernico-cop-it0005379406-SVQwMDA1Mzc5NDA2
Cose Belle D'Italia,ISIN: IT0004991490 - Mercato: Milano - Azioni,https://www.teleborsa.it/azioni/cose-belle-d-italia-cbi-it0004991490-SVQwMDA0OTkxNDkw
Costamp Group,ISIN: IT0005068249 - Mercato: Milano - Azioni,https://www.teleborsa.it/azioni/costamp-group-mold-it0005068249-SVQwMDA1MDY4MjQ5
Cover 50,ISIN: IT0005105868 - Mercato: Milano - Azioni,https://www.teleborsa.it/azioni/cover-50-cov-it0005105868-SVQwMDA1MTA1ODY4
Covivio,ISIN: FR0000064578 - Mercato: Milano - Azioni,https://www.teleborsa.it/azioni/covivio-cvo-fr0000064578-RlIwMDAwMDY0NTc4
Credem,ISIN: IT0003121677 - Mercato: Milano - Azioni,https://www.teleborsa.it/azioni/credem-ce-it0003121677-SVQwMDAzMTIxNjc3
Credit Agricole,ISIN: FR0000045072 - Mercato: Milano - Azioni,https://www.teleborsa.it/azioni/credit-agricole-aca-fr0000045072-RlIwMDAwMDQ1MDcy
Credito Valtellinese,ISIN: IT0005412025 - Mercato: Milano - Azioni,https://www.teleborsa.it/azioni/credito-valtellinese-cval-it0005412025-SVQwMDA1NDEyMDI1
Crowdfundme,ISIN: IT0005353575 - Mercato: Milano - Azioni,https://www.teleborsa.it/azioni/crowdfundme-cfm-it0005353575-SVQwMDA1MzUzNTc1
Csp Int Ind Calze,ISIN: IT0001127874 - Mercato: Milano - Azioni,https://www.teleborsa.it/azioni/csp-int-ind-calze-csp-it0001127874-SVQwMDAxMTI3ODc0
Culti Milano,ISIN: IT0005257347 - Mercato: Milano - Azioni,https://www.teleborsa.it/azioni/culti-milano-cult-it0005257347-SVQwMDA1MjU3MzQ3
Cy4gate,ISIN: IT0005412504 - Mercato: Milano - Azioni,https://www.teleborsa.it/azioni/cy4gate-cy4-it0005412504-SVQwMDA1NDEyNTA0
Cyberoo,ISIN: IT0005383671 - Mercato: Milano - Azioni,https://www.teleborsa.it/azioni/cyberoo-cyb-it0005383671-SVQwMDA1MzgzNjcx
Daimler,ISIN: DE0007100000 - Mercato: Milano - Azioni,https://www.teleborsa.it/azioni/daimler-dai-de0007100000-REUwMDA3MTAwMDAw
D'Amico,ISIN: LU0290697514 - Mercato: Milano - Azioni,https://www.teleborsa.it/azioni/d-amico-dis-lu0290697514-TFUwMjkwNjk3NTE0
Danieli & C,ISIN: IT0000076502 - Mercato: Milano - Azioni,https://www.teleborsa.it/azioni/danieli-c-dan-it0000076502-SVQwMDAwMDc2NTAy
Danieli & C Risp Nc,ISIN: IT0000076486 - Mercato: Milano - Azioni,https://www.teleborsa.it/azioni/danieli-c-risp-nc-danr-it0000076486-SVQwMDAwMDc2NDg2
Danone,ISIN: FR0000120644 - Mercato: Milano - Azioni,https://www.teleborsa.it/azioni/danone-dnn-fr0000120644-RlIwMDAwMTIwNjQ0
Datalogic,ISIN: IT0004053440 - Mercato: Milano - Azioni,https://www.teleborsa.it/azioni/datalogic-dal-it0004053440-SVQwMDA0MDUzNDQw
Dba Group,ISIN: IT0005285942 - Mercato: Milano - Azioni,https://www.teleborsa.it/azioni/dba-group-dba-it0005285942-SVQwMDA1Mjg1OTQy
Dea Capital,ISIN: IT0001431805 - Mercato: Milano - Azioni,https://www.teleborsa.it/azioni/dea-capital-dea-it0001431805-SVQwMDAxNDMxODA1
De'Longhi,ISIN: IT0003115950 - Mercato: Milano - Azioni,https://www.teleborsa.it/azioni/de-longhi-dlg-it0003115950-SVQwMDAzMTE1OTUw
Deutsche Bank,ISIN: DE0005140008 - Mercato: Milano - Azioni,https://www.teleborsa.it/azioni/deutsche-bank-dbk-de0005140008-REUwMDA1MTQwMDA4
Deutsche Boerse,ISIN: DE0005810055 - Mercato: Milano - Azioni,https://www.teleborsa.it/azioni/deutsche-boerse-db1-de0005810055-REUwMDA1ODEwMDU1
Deutsche Lufthansa,ISIN: DE0008232125 - Mercato: Milano - Azioni,https://www.teleborsa.it/azioni/deutsche-lufthansa-lha-de0008232125-REUwMDA4MjMyMTI1
Deutsche Post,ISIN: DE0005552004 - Mercato: Milano - Azioni,https://www.teleborsa.it/azioni/deutsche-post-dpw-de0005552004-REUwMDA1NTUyMDA0
Deutsche Telekom,ISIN: DE0005557508 - Mercato: Milano - Azioni,https://www.teleborsa.it/azioni/deutsche-telekom-dte-de0005557508-REUwMDA1NTU3NTA4
Diasorin,ISIN: IT0003492391 - Mercato: Milano - Azioni,https://www.teleborsa.it/azioni/diasorin-dia-it0003492391-SVQwMDAzNDkyMzkx
Digital Bros,ISIN: IT0001469995 - Mercato: Milano - Azioni,https://www.teleborsa.it/azioni/digital-bros-dib-it0001469995-SVQwMDAxNDY5OTk1
Digital Magics,ISIN: IT0004900160 - Mercato: Milano - Azioni,https://www.teleborsa.it/azioni/digital-magics-dm-it0004900160-SVQwMDA0OTAwMTYw
Digital Value,ISIN: IT0005347429 - Mercato: Milano - Azioni,https://www.teleborsa.it/azioni/digital-value-dgv-it0005347429-SVQwMDA1MzQ3NDI5
Digital360,ISIN: IT0005254252 - Mercato: Milano - Azioni,https://www.teleborsa.it/azioni/digital360-dig-it0005254252-SVQwMDA1MjU0MjUy
Digitouch,ISIN: IT0005089476 - Mercato: Milano - Azioni,https://www.teleborsa.it/azioni/digitouch-dgt-it0005089476-SVQwMDA1MDg5NDc2
Dominion Hosting Holding,ISIN: IT0005203622 - Mercato: Milano - Azioni,https://www.teleborsa.it/azioni/dominion-hosting-holding-dhh-it0005203622-SVQwMDA1MjAzNjIy
Dovalue,ISIN: IT0001044996 - Mercato: Milano - Azioni,https://www.teleborsa.it/azioni/dovalue-dov-it0001044996-SVQwMDAxMDQ0OTk2
Doxee,ISIN: IT0005394413 - Mercato: Milano - Azioni,https://www.teleborsa.it/azioni/doxee-dox-it0005394413-SVQwMDA1Mzk0NDEz
E.On,ISIN: DE000ENAG999 - Mercato: Milano - Azioni,https://www.teleborsa.it/azioni/e-on-eoan-de000enag999-REUwMDBFTkFHOTk5
Ecosuntek,ISIN: IT0005001943 - Mercato: Milano - Azioni,https://www.teleborsa.it/azioni/ecosuntek-eck-it0005001943-SVQwMDA1MDAxOTQz
Ediliziacrobatica,ISIN: IT0005351504 - Mercato: Milano - Azioni,https://www.teleborsa.it/azioni/ediliziacrobatica-edac-it0005351504-SVQwMDA1MzUxNTA0
Edison R,ISIN: IT0003372205 - Mercato: Milano - Azioni,https://www.teleborsa.it/azioni/edison-r-ednr-it0003372205-SVQwMDAzMzcyMjA1
Eems,ISIN: IT0001498234 - Mercato: Milano - Azioni,https://www.teleborsa.it/azioni/eems-eems-it0001498234-SVQwMDAxNDk4MjM0
El.En,ISIN: IT0005188336 - Mercato: Milano - Azioni,https://www.teleborsa.it/azioni/el-en-eln-it0005188336-SVQwMDA1MTg4MzM2
Eles,ISIN: IT0005373417 - Mercato: Milano - Azioni,https://www.teleborsa.it/azioni/eles-eles-it0005373417-SVQwMDA1MzczNDE3
Elettra Investimenti,ISIN: IT0004745607 - Mercato: Milano - Azioni,https://www.teleborsa.it/azioni/elettra-investimenti-elin-it0004745607-SVQwMDA0NzQ1NjA3
Elica,ISIN: IT0003404214 - Mercato: Milano - Azioni,https://www.teleborsa.it/azioni/elica-elc-it0003404214-SVQwMDAzNDA0MjE0
Emak,ISIN: IT0001237053 - Mercato: Milano - Azioni,https://www.teleborsa.it/azioni/emak-em-it0001237053-SVQwMDAxMjM3MDUz
Enav,ISIN: IT0005176406 - Mercato: Milano - Azioni,https://www.teleborsa.it/azioni/enav-enav-it0005176406-SVQwMDA1MTc2NDA2
Enel,ISIN: IT0003128367 - Mercato: Milano - Azioni,https://www.teleborsa.it/azioni/enel-enel-it0003128367-SVQwMDAzMTI4MzY3
Energica Motor Company,ISIN: IT0005143547 - Mercato: Milano - Azioni,https://www.teleborsa.it/azioni/energica-motor-company-emc-it0005143547-SVQwMDA1MTQzNTQ3
Enertronica Santerno,ISIN: IT0004887409 - Mercato: Milano - Azioni,https://www.teleborsa.it/azioni/enertronica-santerno-ent-it0004887409-SVQwMDA0ODg3NDA5
Enervit,ISIN: IT0004356751 - Mercato: Milano - Azioni,https://www.teleborsa.it/azioni/enervit-env-it0004356751-SVQwMDA0MzU2NzUx
Engie,ISIN: FR0010208488 - Mercato: Milano - Azioni,https://www.teleborsa.it/azioni/engie-engi-fr0010208488-RlIwMDEwMjA4NDg4
ENI,ISIN: IT0003132476 - Mercato: Milano - Azioni,https://www.teleborsa.it/azioni/eni-eni-it0003132476-SVQwMDAzMTMyNDc2
Eprice,ISIN: IT0005084717 - Mercato: Milano - Azioni,https://www.teleborsa.it/azioni/eprice-epr-it0005084717-SVQwMDA1MDg0NzE3
Equita Group,ISIN: IT0005312027 - Mercato: Milano - Azioni,https://www.teleborsa.it/azioni/equita-group-equi-it0005312027-SVQwMDA1MzEyMDI3
ERG,ISIN: IT0001157020 - Mercato: Milano - Azioni,https://www.teleborsa.it/azioni/erg-erg-it0001157020-SVQwMDAxMTU3MDIw
Esautomotion,ISIN: IT0005337107 - Mercato: Milano - Azioni,https://www.teleborsa.it/azioni/esautomotion-esau-it0005337107-SVQwMDA1MzM3MTA3
Esprinet,ISIN: IT0003850929 - Mercato: Milano - Azioni,https://www.teleborsa.it/azioni/esprinet-prt-it0003850929-SVQwMDAzODUwOTI5
Essilorluxottica,ISIN: FR0000121667 - Mercato: Milano - Azioni,https://www.teleborsa.it/azioni/essilorluxottica-el-fr0000121667-RlIwMDAwMTIxNjY3
Eukedos,ISIN: IT0004818297 - Mercato: Milano - Azioni,https://www.teleborsa.it/azioni/eukedos-euk-it0004818297-SVQwMDA0ODE4Mjk3
Eurotech,ISIN: IT0003895668 - Mercato: Milano - Azioni,https://www.teleborsa.it/azioni/eurotech-eth-it0003895668-SVQwMDAzODk1NjY4
Evonik Industries,ISIN: DE000EVNK013 - Mercato: Milano - Azioni,https://www.teleborsa.it/azioni/evonik-industries-evk-de000evnk013-REUwMDBFVk5LMDEz
Exor,ISIN: NL0012059018 - Mercato: Milano - Azioni,https://www.teleborsa.it/azioni/exor-exo-nl0012059018-TkwwMDEyMDU5MDE4
Expert System,ISIN: IT0004496029 - Mercato: Milano - Azioni,https://www.teleborsa.it/azioni/expert-system-exsy-it0004496029-SVQwMDA0NDk2MDI5
Exprivia,ISIN: IT0001477402 - Mercato: Milano - Azioni,https://www.teleborsa.it/azioni/exprivia-xpr-it0001477402-SVQwMDAxNDc3NDAy
Fabilia,ISIN: IT0005417784 - Mercato: Milano - Azioni,https://www.teleborsa.it/azioni/fabilia-fhr-it0005417784-SVQwMDA1NDE3Nzg0
Facebook,ISIN: US30303M1027 - Mercato: Milano - Azioni,https://www.teleborsa.it/azioni/facebook-fb-us30303m1027-VVMzMDMwM00xMDI3
Falck Renewables,ISIN: IT0003198790 - Mercato: Milano - Azioni,https://www.teleborsa.it/azioni/falck-renewables-fkr-it0003198790-SVQwMDAzMTk4Nzkw
Farmae,ISIN: IT0005378333 - Mercato: Milano - Azioni,https://www.teleborsa.it/azioni/farmae-far-it0005378333-SVQwMDA1Mzc4MzMz
Fenix Entertainment,ISIN: IT0005403495 - Mercato: Milano - Azioni,https://www.teleborsa.it/azioni/fenix-entertainment-fnx-it0005403495-SVQwMDA1NDAzNDk1
Ferrari,ISIN: NL0011585146 - Mercato: Milano - Azioni,https://www.teleborsa.it/azioni/ferrari-race-nl0011585146-TkwwMDExNTg1MTQ2
Fervi,ISIN: IT0005325912 - Mercato: Milano - Azioni,https://www.teleborsa.it/azioni/fervi-fvi-it0005325912-SVQwMDA1MzI1OTEy
Fiat Chrysler Automobiles,ISIN: NL0010877643 - Mercato: Milano - Azioni,https://www.teleborsa.it/azioni/fiat-chrysler-automobiles-fca-nl0010877643-TkwwMDEwODc3NjQz
Fidia,ISIN: IT0001498481 - Mercato: Milano - Azioni,https://www.teleborsa.it/azioni/fidia-fda-it0001498481-SVQwMDAxNDk4NDgx
Fiera Milano,ISIN: IT0003365613 - Mercato: Milano - Azioni,https://www.teleborsa.it/azioni/fiera-milano-fm-it0003365613-SVQwMDAzMzY1NjEz
Fila,ISIN: IT0004967292 - Mercato: Milano - Azioni,https://www.teleborsa.it/azioni/fila-fila-it0004967292-SVQwMDA0OTY3Mjky
Fincantieri,ISIN: IT0001415246 - Mercato: Milano - Azioni,https://www.teleborsa.it/azioni/fincantieri-fct-it0001415246-SVQwMDAxNDE1MjQ2
Fine Foods & Pharmaceuticals Ntm,ISIN: IT0005215329 - Mercato: Milano - Azioni,https://www.teleborsa.it/azioni/fine-foods-pharmaceuticals-ntm-ff-it0005215329-SVQwMDA1MjE1MzI5
Finecobank,ISIN: IT0000072170 - Mercato: Milano - Azioni,https://www.teleborsa.it/azioni/finecobank-fbk-it0000072170-SVQwMDAwMDcyMTcw
Finlogic,ISIN: IT0005256323 - Mercato: Milano - Azioni,https://www.teleborsa.it/azioni/finlogic-fnl-it0005256323-SVQwMDA1MjU2MzIz
First Capital,ISIN: IT0005252736 - Mercato: Milano - Azioni,https://www.teleborsa.it/azioni/first-capital-fic-it0005252736-SVQwMDA1MjUyNzM2
FNM,ISIN: IT0000060886 - Mercato: Milano - Azioni,https://www.teleborsa.it/azioni/fnm-fnm-it0000060886-SVQwMDAwMDYwODg2
Fope,ISIN: IT0005203424 - Mercato: Milano - Azioni,https://www.teleborsa.it/azioni/fope-fpe-it0005203424-SVQwMDA1MjAzNDI0
FOS,ISIN: IT0005388217 - Mercato: Milano - Azioni,https://www.teleborsa.it/azioni/fos-fos-it0005388217-SVQwMDA1Mzg4MjE3
Frendy Energy,ISIN: IT0004819857 - Mercato: Milano - Azioni,https://www.teleborsa.it/azioni/frendy-energy-fde-it0004819857-SVQwMDA0ODE5ODU3
Fresenius,ISIN: DE0005785604 - Mercato: Milano - Azioni,https://www.teleborsa.it/azioni/fresenius-fre-de0005785604-REUwMDA1Nzg1NjA0
Fresenius Medical Care,ISIN: DE0005785802 - Mercato: Milano - Azioni,https://www.teleborsa.it/azioni/fresenius-medical-care-fme-de0005785802-REUwMDA1Nzg1ODAy
Friulchem,ISIN: IT0005378457 - Mercato: Milano - Azioni,https://www.teleborsa.it/azioni/friulchem-fcm-it0005378457-SVQwMDA1Mzc4NDU3
Fullsix,ISIN: IT0001487047 - Mercato: Milano - Azioni,https://www.teleborsa.it/azioni/fullsix-ful-it0001487047-SVQwMDAxNDg3MDQ3
Gabetti,ISIN: IT0005023038 - Mercato: Milano - Azioni,https://www.teleborsa.it/azioni/gabetti-gab-it0005023038-SVQwMDA1MDIzMDM4
Gambero Rosso,ISIN: IT0005122392 - Mercato: Milano - Azioni,https://www.teleborsa.it/azioni/gambero-rosso-gamb-it0005122392-SVQwMDA1MTIyMzky
Garofalo Health Care,ISIN: IT0005345233 - Mercato: Milano - Azioni,https://www.teleborsa.it/azioni/garofalo-health-care-ghc-it0005345233-SVQwMDA1MzQ1MjMz
Gas Plus,ISIN: IT0004098510 - Mercato: Milano - Azioni,https://www.teleborsa.it/azioni/gas-plus-gsp-it0004098510-SVQwMDA0MDk4NTEw
Gedi Gruppo Editoriale,ISIN: IT0001398541 - Settore: Editoriale - Mercato: Milano - Azioni,https://www.teleborsa.it/azioni/gedi-gruppo-editoriale-gedi-it0001398541-SVQwMDAxMzk4NTQx
Gefran,ISIN: IT0003203947 - Mercato: Milano - Azioni,https://www.teleborsa.it/azioni/gefran-ge-it0003203947-SVQwMDAzMjAzOTQ3
GEL,ISIN: IT0005312365 - Mercato: Milano - Azioni,https://www.teleborsa.it/azioni/gel-gel-it0005312365-SVQwMDA1MzEyMzY1
Generali,ISIN: IT0000062072 - Mercato: Milano - Azioni,https://www.teleborsa.it/azioni/generali-g-it0000062072-SVQwMDAwMDYyMDcy
Geox,ISIN: IT0003697080 - Mercato: Milano - Azioni,https://www.teleborsa.it/azioni/geox-geo-it0003697080-SVQwMDAzNjk3MDgw
Gequity,ISIN: IT0004942915 - Mercato: Milano - Azioni,https://www.teleborsa.it/azioni/gequity-geq-it0004942915-SVQwMDA0OTQyOTE1
Gibus,ISIN: IT0005341059 - Mercato: Milano - Azioni,https://www.teleborsa.it/azioni/gibus-gbus-it0005341059-SVQwMDA1MzQxMDU5
Giglio Group,ISIN: IT0005122400 - Mercato: Milano - Azioni,https://www.teleborsa.it/azioni/giglio-group-gg-it0005122400-SVQwMDA1MTIyNDAw
Gilead Sciences,ISIN: US3755581036 - Mercato: Milano - Azioni,https://www.teleborsa.it/azioni/gilead-sciences-gild-us3755581036-VVMzNzU1NTgxMDM2
Giorgio Fedon,ISIN: IT0001210050 - Mercato: Milano - Azioni,https://www.teleborsa.it/azioni/giorgio-fedon-fed-it0001210050-SVQwMDAxMjEwMDUw
Gismondi 1754,ISIN: IT0005391138 - Mercato: Milano - Azioni,https://www.teleborsa.it/azioni/gismondi-1754-gis-it0005391138-SVQwMDA1MzkxMTM4
Go Internet,ISIN: IT0005038002 - Mercato: Milano - Azioni,https://www.teleborsa.it/azioni/go-internet-go-it0005038002-SVQwMDA1MDM4MDAy
GPI,ISIN: IT0005221517 - Mercato: Milano - Azioni,https://www.teleborsa.it/azioni/gpi-gpi-it0005221517-SVQwMDA1MjIxNTE3
Grifal,ISIN: IT0005332595 - Mercato: Milano - Azioni,https://www.teleborsa.it/azioni/grifal-gral-it0005332595-SVQwMDA1MzMyNTk1
Gruppo Green Power,ISIN: IT0004982242 - Mercato: Milano - Azioni,https://www.teleborsa.it/azioni/gruppo-green-power-ggp-it0004982242-SVQwMDA0OTgyMjQy
Guala Closures,ISIN: IT0005311821 - Mercato: Milano - Azioni,https://www.teleborsa.it/azioni/guala-closures-gcl-it0005311821-SVQwMDA1MzExODIx
GVS,ISIN: IT0005411209 - Mercato: Milano - Azioni,https://www.teleborsa.it/azioni/gvs-gvs-it0005411209-SVQwMDA1NDExMjA5
Health Italia,ISIN: IT0005221004 - Mercato: Milano - Azioni,https://www.teleborsa.it/azioni/health-italia-hi-it0005221004-SVQwMDA1MjIxMDA0
Heidelberg Cement,ISIN: DE0006047004 - Mercato: Milano - Azioni,https://www.teleborsa.it/azioni/heidelberg-cement-hei-de0006047004-REUwMDA2MDQ3MDA0
Henkel Vz,ISIN: DE0006048432 - Mercato: Milano - Azioni,https://www.teleborsa.it/azioni/henkel-vz-hen3-de0006048432-REUwMDA2MDQ4NDMy
Hera,ISIN: IT0001250932 - Mercato: Milano - Azioni,https://www.teleborsa.it/azioni/hera-her-it0001250932-SVQwMDAxMjUwOTMy
H-Farm,ISIN: IT0004674666 - Mercato: Milano - Azioni,https://www.teleborsa.it/azioni/h-farm-farm-it0004674666-SVQwMDA0Njc0NjY2
I Grandi Viaggi,ISIN: IT0005108219 - Mercato: Milano - Azioni,https://www.teleborsa.it/azioni/i-grandi-viaggi-igv-it0005108219-SVQwMDA1MTA4MjE5
I.M.A,ISIN: IT0001049623 - Mercato: Milano - Azioni,https://www.teleborsa.it/azioni/i-m-a-ima-it0001049623-SVQwMDAxMDQ5NjIz
Iberdrola,ISIN: ES0144580Y14 - Mercato: Milano - Azioni,https://www.teleborsa.it/azioni/iberdrola-ibe-es0144580y14-RVMwMTQ0NTgwWTE0
Icf Group,ISIN: IT0005276487 - Settore: Chimici - Mercato: Milano - Azioni,https://www.teleborsa.it/azioni/icf-group-icf999-it0005276487-SVQwMDA1Mjc2NDg3
Iervolino Entertainment,ISIN: IT0005380602 - Mercato: Milano - Azioni,https://www.teleborsa.it/azioni/iervolino-entertainment-ie-it0005380602-SVQwMDA1MzgwNjAy
IGD,ISIN: IT0005322612 - Mercato: Milano - Azioni,https://www.teleborsa.it/azioni/igd-igd-it0005322612-SVQwMDA1MzIyNjEy
Il Sole 24 Ore,ISIN: IT0005283111 - Mercato: Milano - Azioni,https://www.teleborsa.it/azioni/il-sole-24-ore-s24-it0005283111-SVQwMDA1MjgzMTEx
Illa,ISIN: IT0005316705 - Mercato: Milano - Azioni,https://www.teleborsa.it/azioni/illa-illa-it0005316705-SVQwMDA1MzE2NzA1
Illimity Bank,ISIN: IT0005359192 - Mercato: Milano - Azioni,https://www.teleborsa.it/azioni/illimity-bank-ilty-it0005359192-SVQwMDA1MzU5MTky
Ilpra,ISIN: IT0005359101 - Mercato: Milano - Azioni,https://www.teleborsa.it/azioni/ilpra-ilp-it0005359101-SVQwMDA1MzU5MTAx
Immsi,ISIN: IT0001413837 - Mercato: Milano - Azioni,https://www.teleborsa.it/azioni/immsi-ims-it0001413837-SVQwMDAxNDEzODM3
Imvest,ISIN: IT0004670532 - Mercato: Milano - Azioni,https://www.teleborsa.it/azioni/imvest-yiv-it0004670532-SVQwMDA0NjcwNTMy
Indel B,ISIN: IT0005245508 - Mercato: Milano - Azioni,https://www.teleborsa.it/azioni/indel-b-indb-it0005245508-SVQwMDA1MjQ1NTA4
Inditex,ISIN: ES0148396007 - Mercato: Milano - Azioni,https://www.teleborsa.it/azioni/inditex-itx-es0148396007-RVMwMTQ4Mzk2MDA3
Industrie Chimiche Forestali,ISIN: IT0005416281 - Mercato: Milano - Azioni,https://www.teleborsa.it/azioni/industrie-chimiche-forestali-icf-it0005416281-SVQwMDA1NDE2Mjgx
Infineon Technologies,ISIN: DE0006231004 - Mercato: Milano - Azioni,https://www.teleborsa.it/azioni/infineon-technologies-ifx-de0006231004-REUwMDA2MjMxMDA0
Ing Groep,ISIN: NL0011821202 - Mercato: Milano - Azioni,https://www.teleborsa.it/azioni/ing-groep-inga-nl0011821202-TkwwMDExODIxMjAy
Iniziative Bresciane,ISIN: IT0005037905 - Mercato: Milano - Azioni,https://www.teleborsa.it/azioni/iniziative-bresciane-ib-it0005037905-SVQwMDA1MDM3OTA1
Innovatec,ISIN: IT0005412298 - Mercato: Milano - Azioni,https://www.teleborsa.it/azioni/innovatec-inc-it0005412298-SVQwMDA1NDEyMjk4
Intek Group,ISIN: IT0004552359 - Mercato: Milano - Azioni,https://www.teleborsa.it/azioni/intek-group-ikg-it0004552359-SVQwMDA0NTUyMzU5
Intek Group Rsp,ISIN: IT0004552367 - Mercato: Milano - Azioni,https://www.teleborsa.it/azioni/intek-group-rsp-ikgr-it0004552367-SVQwMDA0NTUyMzY3
Intel,ISIN: US4581401001 - Mercato: Milano - Azioni,https://www.teleborsa.it/azioni/intel-intc-us4581401001-VVM0NTgxNDAxMDAx
Interpump Group,ISIN: IT0001078911 - Mercato: Milano - Azioni,https://www.teleborsa.it/azioni/interpump-group-ip-it0001078911-SVQwMDAxMDc4OTEx
Intesa Sanpaolo,ISIN: IT0000072618 - Mercato: Milano - Azioni,https://www.teleborsa.it/azioni/intesa-sanpaolo-isp-it0000072618-SVQwMDAwMDcyNjE4
Intred,ISIN: IT0005337818 - Mercato: Milano - Azioni,https://www.teleborsa.it/azioni/intred-itd-it0005337818-SVQwMDA1MzM3ODE4
Inwit,ISIN: IT0005090300 - Mercato: Milano - Azioni,https://www.teleborsa.it/azioni/inwit-inw-it0005090300-SVQwMDA1MDkwMzAw
Irce,ISIN: IT0001077780 - Mercato: Milano - Azioni,https://www.teleborsa.it/azioni/irce-irc-it0001077780-SVQwMDAxMDc3Nzgw
Iren,ISIN: IT0003027817 - Mercato: Milano - Azioni,https://www.teleborsa.it/azioni/iren-ire-it0003027817-SVQwMDAzMDI3ODE3
Isagro,ISIN: IT0001069902 - Mercato: Milano - Azioni,https://www.teleborsa.it/azioni/isagro-isg-it0001069902-SVQwMDAxMDY5OTAy
Isagro Azioni Sviluppo,ISIN: IT0005013542 - Mercato: Milano - Azioni,https://www.teleborsa.it/azioni/isagro-azioni-sviluppo-isgs-it0005013542-SVQwMDA1MDEzNTQy
It Way,ISIN: IT0003057624 - Mercato: Milano - Azioni,https://www.teleborsa.it/azioni/it-way-itw-it0003057624-SVQwMDAzMDU3NjI0
Italgas,ISIN: IT0005211237 - Mercato: Milano - Azioni,https://www.teleborsa.it/azioni/italgas-ig-it0005211237-SVQwMDA1MjExMjM3
Italia Independent,ISIN: IT0004937469 - Mercato: Milano - Azioni,https://www.teleborsa.it/azioni/italia-independent-iig-it0004937469-SVQwMDA0OTM3NDY5
Italian Exhibition Group,ISIN: IT0003411417 - Mercato: Milano - Azioni,https://www.teleborsa.it/azioni/italian-exhibition-group-ieg-it0003411417-SVQwMDAzNDExNDE3
Italian Wine Brands,ISIN: IT0005075764 - Mercato: Milano - Azioni,https://www.teleborsa.it/azioni/italian-wine-brands-iwb-it0005075764-SVQwMDA1MDc1NzY0
Italmobiliare,ISIN: IT0005253205 - Mercato: Milano - Azioni,https://www.teleborsa.it/azioni/italmobiliare-itm-it0005253205-SVQwMDA1MjUzMjA1
Ivs Group,ISIN: LU0556041001 - Mercato: Milano - Azioni,https://www.teleborsa.it/azioni/ivs-group-ivs-lu0556041001-TFUwNTU2MDQxMDAx
Juventus Fc,ISIN: IT0000336518 - Mercato: Milano - Azioni,https://www.teleborsa.it/azioni/juventus-fc-juve-it0000336518-SVQwMDAwMzM2NTE4
K+S,ISIN: DE000KSAG888 - Mercato: Milano - Azioni,https://www.teleborsa.it/azioni/k-s-sdf-de000ksag888-REUwMDBLU0FHODg4
Kering,ISIN: FR0000121485 - Mercato: Milano - Azioni,https://www.teleborsa.it/azioni/kering-ker-fr0000121485-RlIwMDAwMTIxNDg1
Ki Group,ISIN: IT0004967672 - Mercato: Milano - Azioni,https://www.teleborsa.it/azioni/ki-group-ki-it0004967672-SVQwMDA0OTY3Njcy
Kolinpharma,ISIN: IT0005322950 - Mercato: Milano - Azioni,https://www.teleborsa.it/azioni/kolinpharma-kip-it0005322950-SVQwMDA1MzIyOTUw
La Doria,ISIN: IT0001055521 - Mercato: Milano - Azioni,https://www.teleborsa.it/azioni/la-doria-ld-it0001055521-SVQwMDAxMDU1NTIx
Landi Renzo,ISIN: IT0004210289 - Mercato: Milano - Azioni,https://www.teleborsa.it/azioni/landi-renzo-lr-it0004210289-SVQwMDA0MjEwMjg5
Leonardo,ISIN: IT0003856405 - Mercato: Milano - Azioni,https://www.teleborsa.it/azioni/leonardo-ldo-it0003856405-SVQwMDAzODU2NDA1
Leone Film Group,ISIN: IT0004973696 - Mercato: Milano - Azioni,https://www.teleborsa.it/azioni/leone-film-group-lfg-it0004973696-SVQwMDA0OTczNjk2
Life Care Capital,ISIN: IT0005323560 - Mercato: Milano - Azioni,https://www.teleborsa.it/azioni/life-care-capital-lcc-it0005323560-SVQwMDA1MzIzNTYw
Longino&Cardenal,ISIN: IT0005337073 - Mercato: Milano - Azioni,https://www.teleborsa.it/azioni/longino-cardenal-lon-it0005337073-SVQwMDA1MzM3MDcz
L'Oreal,ISIN: FR0000120321 - Mercato: Milano - Azioni,https://www.teleborsa.it/azioni/l-oreal-or-fr0000120321-RlIwMDAwMTIwMzIx
Lucisano Media Group,ISIN: IT0004522162 - Mercato: Milano - Azioni,https://www.teleborsa.it/azioni/lucisano-media-group-lmg-it0004522162-SVQwMDA0NTIyMTYy
Luve,ISIN: IT0005107492 - Mercato: Milano - Azioni,https://www.teleborsa.it/azioni/luve-luve-it0005107492-SVQwMDA1MTA3NDky
Lventure Group,ISIN: IT0005013013 - Mercato: Milano - Azioni,https://www.teleborsa.it/azioni/lventure-group-lven-it0005013013-SVQwMDA1MDEzMDEz
Lvmh,ISIN: FR0000121014 - Mercato: Milano - Azioni,https://www.teleborsa.it/azioni/lvmh-lvmh-fr0000121014-RlIwMDAwMTIxMDE0
Mailup,ISIN: IT0005040354 - Mercato: Milano - Azioni,https://www.teleborsa.it/azioni/mailup-mail-it0005040354-SVQwMDA1MDQwMzU0
Maire Tecnimont,ISIN: IT0004931058 - Mercato: Milano - Azioni,https://www.teleborsa.it/azioni/maire-tecnimont-mt-it0004931058-SVQwMDA0OTMxMDU4
Maps,ISIN: IT0005364333 - Mercato: Milano - Azioni,https://www.teleborsa.it/azioni/maps-maps-it0005364333-SVQwMDA1MzY0MzMz
Marr,ISIN: IT0003428445 - Mercato: Milano - Azioni,https://www.teleborsa.it/azioni/marr-marr-it0003428445-SVQwMDAzNDI4NDQ1
Marzocchi Pompe,ISIN: IT0004376858 - Mercato: Milano - Azioni,https://www.teleborsa.it/azioni/marzocchi-pompe-marp-it0004376858-SVQwMDA0Mzc2ODU4
Masi Agricola,ISIN: IT0004125677 - Mercato: Milano - Azioni,https://www.teleborsa.it/azioni/masi-agricola-masi-it0004125677-SVQwMDA0MTI1Njc3
Massimo Zanetti Beverage,ISIN: IT0005042467 - Mercato: Milano - Azioni,https://www.teleborsa.it/azioni/massimo-zanetti-beverage-mzb-it0005042467-SVQwMDA1MDQyNDY3
Matica Fintec,ISIN: IT0005388449 - Mercato: Milano - Azioni,https://www.teleborsa.it/azioni/matica-fintec-mft-it0005388449-SVQwMDA1Mzg4NDQ5
Mediaset,ISIN: IT0001063210 - Mercato: Milano - Azioni,https://www.teleborsa.it/azioni/mediaset-ms-it0001063210-SVQwMDAxMDYzMjEw
Mediobanca,ISIN: IT0000062957 - Mercato: Milano - Azioni,https://www.teleborsa.it/azioni/mediobanca-mb-it0000062957-SVQwMDAwMDYyOTU3
Merck,ISIN: DE0006599905 - Mercato: Milano - Azioni,https://www.teleborsa.it/azioni/merck-mrk-de0006599905-REUwMDA2NTk5OTA1
Micron Technology,ISIN: US5951121038 - Mercato: Milano - Azioni,https://www.teleborsa.it/azioni/micron-technology-mu-us5951121038-VVM1OTUxMTIxMDM4
Microsoft Corp,ISIN: US5949181045 - Mercato: Milano - Azioni,https://www.teleborsa.it/azioni/microsoft-corp-msft-us5949181045-VVM1OTQ5MTgxMDQ1
Mittel,ISIN: IT0001447348 - Mercato: Milano - Azioni,https://www.teleborsa.it/azioni/mittel-mit-it0001447348-SVQwMDAxNDQ3MzQ4
Molmed,ISIN: IT0001080248 - Mercato: Milano - Azioni,https://www.teleborsa.it/azioni/molmed-mlm-it0001080248-SVQwMDAxMDgwMjQ4
Moncler,ISIN: IT0004965148 - Mercato: Milano - Azioni,https://www.teleborsa.it/azioni/moncler-monc-it0004965148-SVQwMDA0OTY1MTQ4
Mondadori,ISIN: IT0001469383 - Mercato: Milano - Azioni,https://www.teleborsa.it/azioni/mondadori-mn-it0001469383-SVQwMDAxNDY5Mzgz
Mondo Tv,ISIN: IT0001447785 - Mercato: Milano - Azioni,https://www.teleborsa.it/azioni/mondo-tv-mtv-it0001447785-SVQwMDAxNDQ3Nzg1
Mondo Tv France,ISIN: FR0011443266 - Mercato: Milano - Azioni,https://www.teleborsa.it/azioni/mondo-tv-france-mtf-fr0011443266-RlIwMDExNDQzMjY2
Mondo Tv Suisse,ISIN: CH0274177580 - Mercato: Milano - Azioni,https://www.teleborsa.it/azioni/mondo-tv-suisse-msu-ch0274177580-Q0gwMjc0MTc3NTgw
Monnalisa,ISIN: IT0005338139 - Mercato: Milano - Azioni,https://www.teleborsa.it/azioni/monnalisa-mnl-it0005338139-SVQwMDA1MzM4MTM5
Monrif,ISIN: IT0000066016 - Mercato: Milano - Azioni,https://www.teleborsa.it/azioni/monrif-mon-it0000066016-SVQwMDAwMDY2MDE2
Munich Re,ISIN: DE0008430026 - Mercato: Milano - Azioni,https://www.teleborsa.it/azioni/munich-re-muv2-de0008430026-REUwMDA4NDMwMDI2
Mutuionline,ISIN: IT0004195308 - Mercato: Milano - Azioni,https://www.teleborsa.it/azioni/mutuionline-mol-it0004195308-SVQwMDA0MTk1MzA4
Nb Aurora,ISIN: LU1738384764 - Mercato: Milano - Azioni,https://www.teleborsa.it/azioni/nb-aurora-nba-lu1738384764-TFUxNzM4Mzg0NzY0
Nb Aurora Aa,ISIN: LU2158749312 - Mercato: Milano - Azioni,https://www.teleborsa.it/azioni/nb-aurora-aa-nbaaz-lu2158749312-TFUyMTU4NzQ5MzEy
Neodecortech,ISIN: IT0005275778 - Mercato: Milano - Azioni,https://www.teleborsa.it/azioni/neodecortech-ndt-it0005275778-SVQwMDA1Mjc1Nzc4
Neosperience,ISIN: IT0005351496 - Mercato: Milano - Azioni,https://www.teleborsa.it/azioni/neosperience-nsp-it0005351496-SVQwMDA1MzUxNDk2
Net Insurance,ISIN: IT0003324024 - Mercato: Milano - Azioni,https://www.teleborsa.it/azioni/net-insurance-net-it0003324024-SVQwMDAzMzI0MDI0
Netflix,ISIN: US64110L1061 - Mercato: Milano - Azioni,https://www.teleborsa.it/azioni/netflix-nflx-us64110l1061-VVM2NDExMEwxMDYx
Netweek,ISIN: IT0004819030 - Mercato: Milano - Azioni,https://www.teleborsa.it/azioni/netweek-ntw-it0004819030-SVQwMDA0ODE5MDMw
Neurosoft,ISIN: GRS802003004 - Mercato: Milano - Azioni,https://www.teleborsa.it/azioni/neurosoft-nrst-grs802003004-R1JTODAyMDAzMDA0
Newlat Food,ISIN: IT0005385213 - Mercato: Milano - Azioni,https://www.teleborsa.it/azioni/newlat-food-nwl-it0005385213-SVQwMDA1Mzg1MjEz
Nexi,ISIN: IT0005366767 - Mercato: Milano - Azioni,https://www.teleborsa.it/azioni/nexi-nexi-it0005366767-SVQwMDA1MzY2NzY3
Nokia Corporation,ISIN: FI0009000681 - Mercato: Milano - Azioni,https://www.teleborsa.it/azioni/nokia-corporation-nokia-fi0009000681-RkkwMDA5MDAwNjgx
Notorious Pictures,ISIN: IT0005025355 - Mercato: Milano - Azioni,https://www.teleborsa.it/azioni/notorious-pictures-npi-it0005025355-SVQwMDA1MDI1MzU1
Nova Re,ISIN: IT0005330516 - Mercato: Milano - Azioni,https://www.teleborsa.it/azioni/nova-re-nr-it0005330516-SVQwMDA1MzMwNTE2
Nvidia Corp,ISIN: US67066G1040 - Mercato: Milano - Azioni,https://www.teleborsa.it/azioni/nvidia-corp-nvda-us67066g1040-VVM2NzA2NkcxMDQw
NVP,ISIN: IT0005390783 - Mercato: Milano - Azioni,https://www.teleborsa.it/azioni/nvp-nvp-it0005390783-SVQwMDA1MzkwNzgz
Officina Stellare,ISIN: IT0005374035 - Mercato: Milano - Azioni,https://www.teleborsa.it/azioni/officina-stellare-os-it0005374035-SVQwMDA1Mzc0MDM1
Olidata,ISIN: IT0001350625 - Mercato: Milano - Azioni,https://www.teleborsa.it/azioni/olidata-oli-it0001350625-SVQwMDAxMzUwNjI1
Openjobmetis,ISIN: IT0003683528 - Mercato: Milano - Azioni,https://www.teleborsa.it/azioni/openjobmetis-ojm-it0003683528-SVQwMDAzNjgzNTI4
Orange,ISIN: FR0000133308 - Mercato: Milano - Azioni,https://www.teleborsa.it/azioni/orange-ora-fr0000133308-RlIwMDAwMTMzMzA4
Orsero,ISIN: IT0005138703 - Mercato: Milano - Azioni,https://www.teleborsa.it/azioni/orsero-ors-it0005138703-SVQwMDA1MTM4NzAz
OVS,ISIN: IT0005043507 - Mercato: Milano - Azioni,https://www.teleborsa.it/azioni/ovs-ovs-it0005043507-SVQwMDA1MDQzNTA3
Panariagroup,ISIN: IT0001467577 - Mercato: Milano - Azioni,https://www.teleborsa.it/azioni/panariagroup-pan-it0001467577-SVQwMDAxNDY3NTc3
Pattern,ISIN: IT0005378143 - Mercato: Milano - Azioni,https://www.teleborsa.it/azioni/pattern-ptr-it0005378143-SVQwMDA1Mzc4MTQz
Peugeot,ISIN: FR0000121501 - Mercato: Milano - Azioni,https://www.teleborsa.it/azioni/peugeot-ug-fr0000121501-RlIwMDAwMTIxNTAx
Pharmanutra,ISIN: IT0005274094 - Mercato: Milano - Azioni,https://www.teleborsa.it/azioni/pharmanutra-phn-it0005274094-SVQwMDA1Mjc0MDk0
Philips,ISIN: NL0000009538 - Mercato: Milano - Azioni,https://www.teleborsa.it/azioni/philips-phia-nl0000009538-TkwwMDAwMDA5NTM4
Piaggio,ISIN: IT0003073266 - Mercato: Milano - Azioni,https://www.teleborsa.it/azioni/piaggio-pia-it0003073266-SVQwMDAzMDczMjY2
Pierrel,ISIN: IT0004007560 - Mercato: Milano - Azioni,https://www.teleborsa.it/azioni/pierrel-prl-it0004007560-SVQwMDA0MDA3NTYw
Pininfarina,ISIN: IT0003056386 - Mercato: Milano - Azioni,https://www.teleborsa.it/azioni/pininfarina-pinf-it0003056386-SVQwMDAzMDU2Mzg2
Piovan,ISIN: IT0005337958 - Mercato: Milano - Azioni,https://www.teleborsa.it/azioni/piovan-pvn-it0005337958-SVQwMDA1MzM3OTU4
Piquadro,ISIN: IT0004240443 - Mercato: Milano - Azioni,https://www.teleborsa.it/azioni/piquadro-pq-it0004240443-SVQwMDA0MjQwNDQz
Pirelli & C,ISIN: IT0005278236 - Mercato: Milano - Azioni,https://www.teleborsa.it/azioni/pirelli-c-pirc-it0005278236-SVQwMDA1Mjc4MjM2
Piteco,ISIN: IT0004997984 - Mercato: Milano - Azioni,https://www.teleborsa.it/azioni/piteco-pite-it0004997984-SVQwMDA0OTk3OTg0
PLC,ISIN: IT0005339160 - Mercato: Milano - Azioni,https://www.teleborsa.it/azioni/plc-plc-it0005339160-SVQwMDA1MzM5MTYw
Poligraf. S. F,ISIN: IT0001352217 - Mercato: Milano - Azioni,https://www.teleborsa.it/azioni/poligraf-s-f-psf-it0001352217-SVQwMDAxMzUyMjE3
Poligrafici Printing,ISIN: IT0004587470 - Mercato: Milano - Azioni,https://www.teleborsa.it/azioni/poligrafici-printing-popr-it0004587470-SVQwMDA0NTg3NDcw
Portale Sardegna,ISIN: IT0005305443 - Mercato: Milano - Azioni,https://www.teleborsa.it/azioni/portale-sardegna-psa-it0005305443-SVQwMDA1MzA1NDQz
Portobello,ISIN: IT0005337495 - Mercato: Milano - Azioni,https://www.teleborsa.it/azioni/portobello-por-it0005337495-SVQwMDA1MzM3NDk1
Poste Italiane,ISIN: IT0003796171 - Mercato: Milano - Azioni,https://www.teleborsa.it/azioni/poste-italiane-pst-it0003796171-SVQwMDAzNzk2MTcx
Powersoft,ISIN: IT0005353815 - Mercato: Milano - Azioni,https://www.teleborsa.it/azioni/powersoft-pws-it0005353815-SVQwMDA1MzUzODE1
Prima Industrie,ISIN: IT0003124663 - Mercato: Milano - Azioni,https://www.teleborsa.it/azioni/prima-industrie-pri-it0003124663-SVQwMDAzMTI0NjYz
Prismi,ISIN: IT0004822695 - Mercato: Milano - Azioni,https://www.teleborsa.it/azioni/prismi-prm-it0004822695-SVQwMDA0ODIyNjk1
Prosiebensat1 Media,ISIN: DE000PSM7770 - Mercato: Milano - Azioni,https://www.teleborsa.it/azioni/prosiebensat1-media-psm-de000psm7770-REUwMDBQU003Nzcw
Prysmian,ISIN: IT0004176001 - Mercato: Milano - Azioni,https://www.teleborsa.it/azioni/prysmian-pry-it0004176001-SVQwMDA0MTc2MDAx
Puma,ISIN: DE0006969603 - Mercato: Milano - Azioni,https://www.teleborsa.it/azioni/puma-pum-de0006969603-REUwMDA2OTY5NjAz
Radici,ISIN: IT0005379737 - Mercato: Milano - Azioni,https://www.teleborsa.it/azioni/radici-rad-it0005379737-SVQwMDA1Mzc5NzM3
Rai Way,ISIN: IT0005054967 - Mercato: Milano - Azioni,https://www.teleborsa.it/azioni/rai-way-rway-it0005054967-SVQwMDA1MDU0OTY3
Ratti,ISIN: IT0004724107 - Mercato: Milano - Azioni,https://www.teleborsa.it/azioni/ratti-rat-it0004724107-SVQwMDA0NzI0MTA3
Rcs Mediagroup,ISIN: IT0004931496 - Mercato: Milano - Azioni,https://www.teleborsa.it/azioni/rcs-mediagroup-rcs-it0004931496-SVQwMDA0OTMxNDk2
Recordati,ISIN: IT0003828271 - Mercato: Milano - Azioni,https://www.teleborsa.it/azioni/recordati-rec-it0003828271-SVQwMDAzODI4Mjcx
Relatech,ISIN: IT0005371874 - Mercato: Milano - Azioni,https://www.teleborsa.it/azioni/relatech-rlt-it0005371874-SVQwMDA1MzcxODc0
Renault,ISIN: FR0000131906 - Mercato: Milano - Azioni,https://www.teleborsa.it/azioni/renault-rno-fr0000131906-RlIwMDAwMTMxOTA2
Renergetica,ISIN: IT0005340655 - Mercato: Milano - Azioni,https://www.teleborsa.it/azioni/renergetica-ren-it0005340655-SVQwMDA1MzQwNjU1
Reno De Medici,ISIN: IT0001178299 - Mercato: Milano - Azioni,https://www.teleborsa.it/azioni/reno-de-medici-rm-it0001178299-SVQwMDAxMTc4Mjk5
Reply,ISIN: IT0005282865 - Mercato: Milano - Azioni,https://www.teleborsa.it/azioni/reply-rey-it0005282865-SVQwMDA1MjgyODY1
Repsol,ISIN: ES0173516115 - Mercato: Milano - Azioni,https://www.teleborsa.it/azioni/repsol-rep-es0173516115-RVMwMTczNTE2MTE1
Restart,ISIN: IT0005349052 - Mercato: Milano - Azioni,https://www.teleborsa.it/azioni/restart-rst-it0005349052-SVQwMDA1MzQ5MDUy
Retelit,ISIN: IT0004370463 - Mercato: Milano - Azioni,https://www.teleborsa.it/azioni/retelit-lit-it0004370463-SVQwMDA0MzcwNDYz
Reti,ISIN: IT0005418204 - Mercato: Milano - Azioni,https://www.teleborsa.it/azioni/reti-reti-it0005418204-SVQwMDA1NDE4MjA0
Risanamento,ISIN: IT0001402269 - Mercato: Milano - Azioni,https://www.teleborsa.it/azioni/risanamento-rn-it0001402269-SVQwMDAxNDAyMjY5
Rosetti Marino,ISIN: IT0001017851 - Mercato: Milano - Azioni,https://www.teleborsa.it/azioni/rosetti-marino-yrm-it0001017851-SVQwMDAxMDE3ODUx
Rosss,ISIN: IT0004297575 - Mercato: Milano - Azioni,https://www.teleborsa.it/azioni/rosss-ros-it0004297575-SVQwMDA0Mjk3NTc1
RWE,ISIN: DE0007037129 - Mercato: Milano - Azioni,https://www.teleborsa.it/azioni/rwe-rwe-de0007037129-REUwMDA3MDM3MTI5
S.S. Lazio,ISIN: IT0003621783 - Mercato: Milano - Azioni,https://www.teleborsa.it/azioni/s-s-lazio-ssl-it0003621783-SVQwMDAzNjIxNzgz
Sabaf,ISIN: IT0001042610 - Mercato: Milano - Azioni,https://www.teleborsa.it/azioni/sabaf-sab-it0001042610-SVQwMDAxMDQyNjEw
Saes Getters,ISIN: IT0001029492 - Mercato: Milano - Azioni,https://www.teleborsa.it/azioni/saes-getters-sg-it0001029492-SVQwMDAxMDI5NDky
Saes Getters Risp Nc,ISIN: IT0001037081 - Mercato: Milano - Azioni,https://www.teleborsa.it/azioni/saes-getters-risp-nc-sgr-it0001037081-SVQwMDAxMDM3MDgx
Safilo Group,ISIN: IT0004604762 - Mercato: Milano - Azioni,https://www.teleborsa.it/azioni/safilo-group-sfl-it0004604762-SVQwMDA0NjA0NzYy
Safran,ISIN: FR0000073272 - Mercato: Milano - Azioni,https://www.teleborsa.it/azioni/safran-saf-fr0000073272-RlIwMDAwMDczMjcy
Saipem,ISIN: IT0005252140 - Mercato: Milano - Azioni,https://www.teleborsa.it/azioni/saipem-spm-it0005252140-SVQwMDA1MjUyMTQw
Saipem Risp Cv,ISIN: IT0005252165 - Mercato: Milano - Azioni,https://www.teleborsa.it/azioni/saipem-risp-cv-spmr-it0005252165-SVQwMDA1MjUyMTY1
Salcef Group,ISIN: IT0005388266 - Mercato: Milano - Azioni,https://www.teleborsa.it/azioni/salcef-group-scf-it0005388266-SVQwMDA1Mzg4MjY2
Salvatore Ferragamo,ISIN: IT0004712375 - Mercato: Milano - Azioni,https://www.teleborsa.it/azioni/salvatore-ferragamo-sfer-it0004712375-SVQwMDA0NzEyMzc1
Sanlorenzo,ISIN: IT0003549422 - Mercato: Milano - Azioni,https://www.teleborsa.it/azioni/sanlorenzo-sl-it0003549422-SVQwMDAzNTQ5NDIy
Sanofi,ISIN: FR0000120578 - Mercato: Milano - Azioni,https://www.teleborsa.it/azioni/sanofi-sanf-fr0000120578-RlIwMDAwMTIwNTc4
SAP,ISIN: DE0007164600 - Mercato: Milano - Azioni,https://www.teleborsa.it/azioni/sap-sap-de0007164600-REUwMDA3MTY0NjAw
Saras,ISIN: IT0000433307 - Mercato: Milano - Azioni,https://www.teleborsa.it/azioni/saras-srs-it0000433307-SVQwMDAwNDMzMzA3
Schneider Electric,ISIN: FR0000121972 - Mercato: Milano - Azioni,https://www.teleborsa.it/azioni/schneider-electric-su-fr0000121972-RlIwMDAwMTIxOTcy
Sciuker Frames,ISIN: IT0005340051 - Mercato: Milano - Azioni,https://www.teleborsa.it/azioni/sciuker-frames-sck-it0005340051-SVQwMDA1MzQwMDUx
Sebino,ISIN: IT0005413510 - Mercato: Milano - Azioni,https://www.teleborsa.it/azioni/sebino-seb-it0005413510-SVQwMDA1NDEzNTEw
Seri Industrial,ISIN: IT0005283640 - Mercato: Milano - Azioni,https://www.teleborsa.it/azioni/seri-industrial-seri-it0005283640-SVQwMDA1MjgzNjQw
Servizi Italia,ISIN: IT0003814537 - Mercato: Milano - Azioni,https://www.teleborsa.it/azioni/servizi-italia-sri-it0003814537-SVQwMDAzODE0NTM3
Sesa,ISIN: IT0004729759 - Mercato: Milano - Azioni,https://www.teleborsa.it/azioni/sesa-ses-it0004729759-SVQwMDA0NzI5NzU5
Sg Company,ISIN: IT0005337172 - Mercato: Milano - Azioni,https://www.teleborsa.it/azioni/sg-company-sgc-it0005337172-SVQwMDA1MzM3MTcy
Shedir Pharma Group,ISIN: IT0005379620 - Mercato: Milano - Azioni,https://www.teleborsa.it/azioni/shedir-pharma-group-she-it0005379620-SVQwMDA1Mzc5NjIw
Sicit Group,ISIN: IT0005372344 - Mercato: Milano - Azioni,https://www.teleborsa.it/azioni/sicit-group-sict-it0005372344-SVQwMDA1MzcyMzQ0
Siemens,ISIN: DE0007236101 - Mercato: Milano - Azioni,https://www.teleborsa.it/azioni/siemens-sie-de0007236101-REUwMDA3MjM2MTAx
Sirio,ISIN: IT0005372385 - Mercato: Milano - Azioni,https://www.teleborsa.it/azioni/sirio-sio-it0005372385-SVQwMDA1MzcyMzg1
SIT,ISIN: IT0005262149 - Mercato: Milano - Azioni,https://www.teleborsa.it/azioni/sit-sit-it0005262149-SVQwMDA1MjYyMTQ5
Siti - B&T,ISIN: IT0005171936 - Mercato: Milano - Azioni,https://www.teleborsa.it/azioni/siti-b-t-siti-it0005171936-SVQwMDA1MTcxOTM2
Snam,ISIN: IT0003153415 - Mercato: Milano - Azioni,https://www.teleborsa.it/azioni/snam-srg-it0003153415-SVQwMDAzMTUzNDE1
Societa' Editoriale Il Fatto,ISIN: IT0005353484 - Mercato: Milano - Azioni,https://www.teleborsa.it/azioni/societa-editoriale-il-fatto-seif-it0005353484-SVQwMDA1MzUzNDg0
Societe Generale,ISIN: FR0000130809 - Mercato: Milano - Azioni,https://www.teleborsa.it/azioni/societe-generale-gle-fr0000130809-RlIwMDAwMTMwODA5
Softec,ISIN: IT0004735327 - Mercato: Milano - Azioni,https://www.teleborsa.it/azioni/softec-ysft-it0004735327-SVQwMDA0NzM1MzI3
Sogefi,ISIN: IT0000076536 - Mercato: Milano - Azioni,https://www.teleborsa.it/azioni/sogefi-so-it0000076536-SVQwMDAwMDc2NTM2
SOL,ISIN: IT0001206769 - Mercato: Milano - Azioni,https://www.teleborsa.it/azioni/sol-sol-it0001206769-SVQwMDAxMjA2NzY5
Solutions Capital Management Sim,ISIN: IT0005200248 - Mercato: Milano - Azioni,https://www.teleborsa.it/azioni/solutions-capital-management-sim-scm-it0005200248-SVQwMDA1MjAwMjQ4
Somec,ISIN: IT0005329815 - Mercato: Milano - Azioni,https://www.teleborsa.it/azioni/somec-som-it0005329815-SVQwMDA1MzI5ODE1
Sostravel.Com,ISIN: IT0005338675 - Mercato: Milano - Azioni,https://www.teleborsa.it/azioni/sostravel-com-sos-it0005338675-SVQwMDA1MzM4Njc1
Sourcesense,ISIN: IT0005417040 - Mercato: Milano - Azioni,https://www.teleborsa.it/azioni/sourcesense-sou-it0005417040-SVQwMDA1NDE3MDQw
Spactiv,ISIN: IT0005282907 - Settore: Servizi finanziari - Mercato: Milano - Azioni,https://www.teleborsa.it/azioni/spactiv-sptv-it0005282907-SVQwMDA1MjgyOTA3
Starbucks Corp,ISIN: US8552441094 - Mercato: Milano - Azioni,https://www.teleborsa.it/azioni/starbucks-corp-sbux-us8552441094-VVM4NTUyNDQxMDk0
Stefanel,ISIN: IT0004607518 - Mercato: Milano - Azioni,https://www.teleborsa.it/azioni/stefanel-stef-it0004607518-SVQwMDA0NjA3NTE4
Stefanel Risp Nc,ISIN: IT0004607526 - Mercato: Milano - Azioni,https://www.teleborsa.it/azioni/stefanel-risp-nc-stefr-it0004607526-SVQwMDA0NjA3NTI2
Stmicroelectronics,ISIN: NL0000226223 - Mercato: Milano - Azioni,https://www.teleborsa.it/azioni/stmicroelectronics-stm-nl0000226223-TkwwMDAwMjI2MjIz
Tamburi,ISIN: IT0003153621 - Mercato: Milano - Azioni,https://www.teleborsa.it/azioni/tamburi-tip-it0003153621-SVQwMDAzMTUzNjIx
TAS,ISIN: IT0001424644 - Mercato: Milano - Azioni,https://www.teleborsa.it/azioni/tas-tas-it0001424644-SVQwMDAxNDI0NjQ0
Techedge,ISIN: IT0005331001 - Mercato: Milano - Azioni,https://www.teleborsa.it/azioni/techedge-edge-it0005331001-SVQwMDA1MzMxMDAx
Technogym,ISIN: IT0005162406 - Mercato: Milano - Azioni,https://www.teleborsa.it/azioni/technogym-tgym-it0005162406-SVQwMDA1MTYyNDA2
Telecom Italia,ISIN: IT0003497168 - Mercato: Milano - Azioni,https://www.teleborsa.it/azioni/telecom-italia-tit-it0003497168-SVQwMDAzNDk3MTY4
Telecom Italia R,ISIN: IT0003497176 - Mercato: Milano - Azioni,https://www.teleborsa.it/azioni/telecom-italia-r-titr-it0003497176-SVQwMDAzNDk3MTc2
Telefonica,ISIN: ES0178430E18 - Mercato: Milano - Azioni,https://www.teleborsa.it/azioni/telefonica-tef-es0178430e18-RVMwMTc4NDMwRTE4
Telesia,ISIN: IT0005240046 - Mercato: Milano - Azioni,https://www.teleborsa.it/azioni/telesia-tls-it0005240046-SVQwMDA1MjQwMDQ2
Tenaris,ISIN: LU0156801721 - Mercato: Milano - Azioni,https://www.teleborsa.it/azioni/tenaris-ten-lu0156801721-TFUwMTU2ODAxNzIx
Terna,ISIN: IT0003242622 - Mercato: Milano - Azioni,https://www.teleborsa.it/azioni/terna-trn-it0003242622-SVQwMDAzMjQyNjIy
Tesla,ISIN: US88160R1014 - Mercato: Milano - Azioni,https://www.teleborsa.it/azioni/tesla-tsla-us88160r1014-VVM4ODE2MFIxMDE0
Tesmec,ISIN: IT0004585243 - Mercato: Milano - Azioni,https://www.teleborsa.it/azioni/tesmec-tes-it0004585243-SVQwMDA0NTg1MjQz
Thespac,ISIN: IT0005335754 - Mercato: Milano - Azioni,https://www.teleborsa.it/azioni/thespac-tspa-it0005335754-SVQwMDA1MzM1NzU0
Thyssenkrupp,ISIN: DE0007500001 - Mercato: Milano - Azioni,https://www.teleborsa.it/azioni/thyssenkrupp-tka-de0007500001-REUwMDA3NTAwMDAx
Tinexta,ISIN: IT0005037210 - Mercato: Milano - Azioni,https://www.teleborsa.it/azioni/tinexta-tnxt-it0005037210-SVQwMDA1MDM3MjEw
Tiscali,ISIN: IT0004513666 - Mercato: Milano - Azioni,https://www.teleborsa.it/azioni/tiscali-tis-it0004513666-SVQwMDA0NTEzNjY2
Titanmet,ISIN: IT0004659428 - Mercato: Milano - Azioni,https://www.teleborsa.it/azioni/titanmet-ttt-it0004659428-SVQwMDA0NjU5NDI4
Tod's,ISIN: IT0003007728 - Mercato: Milano - Azioni,https://www.teleborsa.it/azioni/tod-s-tod-it0003007728-SVQwMDAzMDA3NzI4
Toscana Aeroporti,ISIN: IT0000214293 - Mercato: Milano - Azioni,https://www.teleborsa.it/azioni/toscana-aeroporti-tya-it0000214293-SVQwMDAwMjE0Mjkz
Total,ISIN: FR0000120271 - Mercato: Milano - Azioni,https://www.teleborsa.it/azioni/total-tot-fr0000120271-RlIwMDAwMTIwMjcx
TPS,ISIN: IT0005246142 - Mercato: Milano - Azioni,https://www.teleborsa.it/azioni/tps-tps-it0005246142-SVQwMDA1MjQ2MTQy
Trawell Co,ISIN: IT0005378325 - Mercato: Milano - Azioni,https://www.teleborsa.it/azioni/trawell-co-twl-it0005378325-SVQwMDA1Mzc4MzI1
Trevi,ISIN: IT0005390965 - Mercato: Milano - Azioni,https://www.teleborsa.it/azioni/trevi-tfi-it0005390965-SVQwMDA1MzkwOTY1
Triboo,ISIN: IT0005001554 - Mercato: Milano - Azioni,https://www.teleborsa.it/azioni/triboo-tb-it0005001554-SVQwMDA1MDAxNTU0
Tripadvisor,ISIN: US8969452015 - Mercato: Milano - Azioni,https://www.teleborsa.it/azioni/tripadvisor-trip-us8969452015-VVM4OTY5NDUyMDE1
Txt E-Solutions,ISIN: IT0001454435 - Mercato: Milano - Azioni,https://www.teleborsa.it/azioni/txt-e-solutions-txt-it0001454435-SVQwMDAxNDU0NDM1
UBI,ISIN: IT0003487029 - Mercato: Milano - Azioni,https://www.teleborsa.it/azioni/ubi-ubi-it0003487029-SVQwMDAzNDg3MDI5
Ucapital24,ISIN: IT0005380461 - Mercato: Milano - Azioni,https://www.teleborsa.it/azioni/ucapital24-u24-it0005380461-SVQwMDA1MzgwNDYx
Unicredit,ISIN: IT0005239360 - Mercato: Milano - Azioni,https://www.teleborsa.it/azioni/unicredit-ucg-it0005239360-SVQwMDA1MjM5MzYw
Unidata,ISIN: IT0005338840 - Mercato: Milano - Azioni,https://www.teleborsa.it/azioni/unidata-ud-it0005338840-SVQwMDA1MzM4ODQw
Unieuro,ISIN: IT0005239881 - Mercato: Milano - Azioni,https://www.teleborsa.it/azioni/unieuro-unir-it0005239881-SVQwMDA1MjM5ODgx
Unilever,ISIN: NL0000388619 - Mercato: Milano - Azioni,https://www.teleborsa.it/azioni/unilever-una-nl0000388619-TkwwMDAwMzg4NjE5
Unipol,ISIN: IT0004810054 - Mercato: Milano - Azioni,https://www.teleborsa.it/azioni/unipol-uni-it0004810054-SVQwMDA0ODEwMDU0
Unipolsai,ISIN: IT0004827447 - Mercato: Milano - Azioni,https://www.teleborsa.it/azioni/unipolsai-us-it0004827447-SVQwMDA0ODI3NDQ3
Valsoia,ISIN: IT0001018362 - Mercato: Milano - Azioni,https://www.teleborsa.it/azioni/valsoia-vls-it0001018362-SVQwMDAxMDE4MzYy
Vetrya,ISIN: IT0005202277 - Mercato: Milano - Azioni,https://www.teleborsa.it/azioni/vetrya-vty-it0005202277-SVQwMDA1MjAyMjc3
Vianini,ISIN: IT0003127898 - Mercato: Milano - Azioni,https://www.teleborsa.it/azioni/vianini-via-it0003127898-SVQwMDAzMTI3ODk4
Vimi Fasteners,ISIN: IT0004717200 - Mercato: Milano - Azioni,https://www.teleborsa.it/azioni/vimi-fasteners-vim-it0004717200-SVQwMDA0NzE3MjAw
Vinci,ISIN: FR0000125486 - Mercato: Milano - Azioni,https://www.teleborsa.it/azioni/vinci-dg-fr0000125486-RlIwMDAwMTI1NDg2
Visibilia Editore,ISIN: IT0005365223 - Mercato: Milano - Azioni,https://www.teleborsa.it/azioni/visibilia-editore-ve-it0005365223-SVQwMDA1MzY1MjIz
Vivendi,ISIN: FR0000127771 - Mercato: Milano - Azioni,https://www.teleborsa.it/azioni/vivendi-viv-fr0000127771-RlIwMDAwMTI3Nzcx
Volkswagen,ISIN: DE0007664039 - Mercato: Milano - Azioni,https://www.teleborsa.it/azioni/volkswagen-vow3-de0007664039-REUwMDA3NjY0MDM5
Vonovia,ISIN: DE000A1ML7J1 - Mercato: Milano - Azioni,https://www.teleborsa.it/azioni/vonovia-vna-de000a1ml7j1-REUwMDBBMU1MN0ox
Warr 4Aim Sicaf 2020-2023,ISIN: IT0005421745 - Mercato: Milano - Azioni,https://www.teleborsa.it/azioni/warr-4aim-sicaf-2020-2023-wr4aim-it0005421745-SVQwMDA1NDIxNzQ1
Warr Fenix Entertainment 2020?2022,ISIN: IT0005403487 - Mercato: Milano - Azioni,https://www.teleborsa.it/azioni/warr-fenix-entertainment-2020-2022-wfnx22-it0005403487-SVQwMDA1NDAzNDg3
Websolute,ISIN: IT0005384901 - Mercato: Milano - Azioni,https://www.teleborsa.it/azioni/websolute-web-it0005384901-SVQwMDA1Mzg0OTAx
Webuild,ISIN: IT0003865570 - Mercato: Milano - Azioni,https://www.teleborsa.it/azioni/webuild-wbd-it0003865570-SVQwMDAzODY1NTcw
Webuild Rsp,ISIN: IT0003865588 - Mercato: Milano - Azioni,https://www.teleborsa.it/azioni/webuild-rsp-wbdr-it0003865588-SVQwMDAzODY1NTg4
Wfd Unibail-Rodamco,ISIN: FR0013326246 - Mercato: Milano - Azioni,https://www.teleborsa.it/azioni/wfd-unibail-rodamco-urw-fr0013326246-RlIwMDEzMzI2MjQ2
Wiit,ISIN: IT0004922826 - Mercato: Milano - Azioni,https://www.teleborsa.it/azioni/wiit-wiit-it0004922826-SVQwMDA0OTIyODI2
Wm Capital,ISIN: IT0004983182 - Mercato: Milano - Azioni,https://www.teleborsa.it/azioni/wm-capital-wmc-it0004983182-SVQwMDA0OTgzMTgy
Zignago Vetro,ISIN: IT0004171440 - Mercato: Milano - Azioni,https://www.teleborsa.it/azioni/zignago-vetro-zv-it0004171440-SVQwMDA0MTcxNDQw
Zucchi,ISIN: IT0005395071 - Mercato: Milano - Azioni,https://www.teleborsa.it/azioni/zucchi-zuc-it0005395071-SVQwMDA1Mzk1MDcx
